[{"model": "contenttypes.contenttype", "pk": 1, "fields": {"app_label": "admin", "model": "logentry"}}, {"model": "contenttypes.contenttype", "pk": 2, "fields": {"app_label": "auth", "model": "permission"}}, {"model": "contenttypes.contenttype", "pk": 3, "fields": {"app_label": "auth", "model": "group"}}, {"model": "contenttypes.contenttype", "pk": 4, "fields": {"app_label": "auth", "model": "user"}}, {"model": "contenttypes.contenttype", "pk": 5, "fields": {"app_label": "contenttypes", "model": "contenttype"}}, {"model": "contenttypes.contenttype", "pk": 6, "fields": {"app_label": "sessions", "model": "session"}}, {"model": "contenttypes.contenttype", "pk": 7, "fields": {"app_label": "backend", "model": "username"}}, {"model": "contenttypes.contenttype", "pk": 8, "fields": {"app_label": "backend", "model": "duration"}}, {"model": "contenttypes.contenttype", "pk": 9, "fields": {"app_label": "backend", "model": "rectangle"}}, {"model": "sessions.session", "pk": "bwoeyw4k8ag2e4fpd1s3cvek2ut9e0u5", "fields": {"session_data": "OTA1ZGE0NGEyZTBmMzRiOWVlYjFiN2ZlM2E5OGY1Mzc3OTkwOWMxMTp7Il9hdXRoX3VzZXJfaWQiOiIxIiwiX2F1dGhfdXNlcl9iYWNrZW5kIjoiZGphbmdvLmNvbnRyaWIuYXV0aC5iYWNrZW5kcy5Nb2RlbEJhY2tlbmQiLCJfYXV0aF91c2VyX2hhc2giOiIxZDM1MTllNWUzYzg5MzQ0Mjk4ZTk0MWY4MDhmNjIxNjM3MTJmYzFjIn0=", "expire_date": "2019-09-17T12:31:02.661"}}, {"model": "sessions.session", "pk": "k1skgl7hkms2tzb7q0w2ohzij8ckzr5y", "fields": {"session_data": "OTA1ZGE0NGEyZTBmMzRiOWVlYjFiN2ZlM2E5OGY1Mzc3OTkwOWMxMTp7Il9hdXRoX3VzZXJfaWQiOiIxIiwiX2F1dGhfdXNlcl9iYWNrZW5kIjoiZGphbmdvLmNvbnRyaWIuYXV0aC5iYWNrZW5kcy5Nb2RlbEJhY2tlbmQiLCJfYXV0aF91c2VyX2hhc2giOiIxZDM1MTllNWUzYzg5MzQ0Mjk4ZTk0MWY4MDhmNjIxNjM3MTJmYzFjIn0=", "expire_date": "2019-09-19T02:37:39.131"}}, {"model": "sessions.session", "pk": "wqs4ynwgzm86dnfjgv9egdiqiqkjlpoq", "fields": {"session_data": "OTA1ZGE0NGEyZTBmMzRiOWVlYjFiN2ZlM2E5OGY1Mzc3OTkwOWMxMTp7Il9hdXRoX3VzZXJfaWQiOiIxIiwiX2F1dGhfdXNlcl9iYWNrZW5kIjoiZGphbmdvLmNvbnRyaWIuYXV0aC5iYWNrZW5kcy5Nb2RlbEJhY2tlbmQiLCJfYXV0aF91c2VyX2hhc2giOiIxZDM1MTllNWUzYzg5MzQ0Mjk4ZTk0MWY4MDhmNjIxNjM3MTJmYzFjIn0=", "expire_date": "2019-09-17T12:10:55.566"}}, {"model": "backend.username", "pk": "sjc", "fields": {"sex": "Male", "age": 22, "education": "undergraduate", "research": "visualization"}}, {"model": "backend.username", "pk": "sjc1", "fields": {"sex": "Male", "age": 20, "education": "undergraduate", "research": "123"}}, {"model": "backend.username", "pk": "test2", "fields": {"sex": "Male", "age": 22, "education": "master", "research": "visual analysis"}}, {"model": "backend.duration", "pk": 112, "fields": {"time": "2019-09-03 21:20:40", "name": "Political_blogs.svg", "consumingtime": 6, "username": "test2"}}, {"model": "backend.duration", "pk": 113, "fields": {"time": "2019-09-03 21:20:49", "name": "simulation24.svg", "consumingtime": 7, "username": "test2"}}, {"model": "backend.duration", "pk": 114, "fields": {"time": "2019-09-03 21:20:59", "name": "codeminder2.svg", "consumingtime": 7, "username": "test2"}}, {"model": "backend.duration", "pk": 115, "fields": {"time": "2019-09-03 21:21:10", "name": "cond_2005_4.svg", "consumingtime": 9, "username": "test2"}}, {"model": "backend.duration", "pk": 116, "fields": {"time": "2019-09-03 21:21:22", "name": "jazz.svg", "consumingtime": 9, "username": "test2"}}, {"model": "backend.duration", "pk": 117, "fields": {"time": "2019-09-03 21:21:29", "name": "simulation21.svg", "consumingtime": 5, "username": "test2"}}, {"model": "backend.duration", "pk": 118, "fields": {"time": "2019-09-03 21:21:36", "name": "cond_2005_1.svg", "consumingtime": 4, "username": "test2"}}, {"model": "backend.duration", "pk": 119, "fields": {"time": "2019-09-03 21:21:48", "name": "simulation28.svg", "consumingtime": 9, "username": "test2"}}, {"model": "backend.duration", "pk": 120, "fields": {"time": "2019-09-03 21:21:59", "name": "karate.svg", "consumingtime": 9, "username": "test2"}}, {"model": "backend.duration", "pk": 121, "fields": {"time": "2019-09-03 21:22:24", "name": "cond_2003_1.svg", "consumingtime": 22, "username": "test2"}}, {"model": "backend.duration", "pk": 122, "fields": {"time": "2019-09-03 21:22:33", "name": "airline.svg", "consumingtime": 6, "username": "test2"}}, {"model": "backend.duration", "pk": 123, "fields": {"time": "2019-09-03 21:22:46", "name": "Neural_network.svg", "consumingtime": 10, "username": "test2"}}, {"model": "backend.duration", "pk": 124, "fields": {"time": "2019-09-03 21:22:55", "name": "simulation19.svg", "consumingtime": 7, "username": "test2"}}, {"model": "backend.duration", "pk": 125, "fields": {"time": "2019-09-03 21:23:12", "name": "cond_mat4.svg", "consumingtime": 14, "username": "test2"}}, {"model": "backend.duration", "pk": 126, "fields": {"time": "2019-09-03 21:23:24", "name": "cpanA.svg", "consumingtime": 9, "username": "test2"}}, {"model": "backend.duration", "pk": 127, "fields": {"time": "2019-09-03 21:23:35", "name": "simulation12.svg", "consumingtime": 9, "username": "test2"}}, {"model": "backend.duration", "pk": 128, "fields": {"time": "2019-09-03 21:23:44", "name": "us-air.svg", "consumingtime": 7, "username": "test2"}}, {"model": "backend.duration", "pk": 129, "fields": {"time": "2019-09-03 21:24:00", "name": "cond_mat2.svg", "consumingtime": 13, "username": "test2"}}, {"model": "backend.duration", "pk": 130, "fields": {"time": "2019-09-03 21:24:06", "name": "cond_2003_5.svg", "consumingtime": 3, "username": "test2"}}, {"model": "backend.duration", "pk": 131, "fields": {"time": "2019-09-03 21:24:18", "name": "simulation15.svg", "consumingtime": 10, "username": "test2"}}, {"model": "backend.duration", "pk": 132, "fields": {"time": "2019-09-03 21:24:33", "name": "codeminder3.svg", "consumingtime": 12, "username": "test2"}}, {"model": "backend.duration", "pk": 133, "fields": {"time": "2019-09-03 21:24:43", "name": "simulation30.svg", "consumingtime": 7, "username": "test2"}}, {"model": "backend.duration", "pk": 134, "fields": {"time": "2019-09-03 21:24:53", "name": "eurosis.svg", "consumingtime": 8, "username": "test2"}}, {"model": "backend.duration", "pk": 135, "fields": {"time": "2019-09-03 21:25:00", "name": "America_Collage_football.svg", "consumingtime": 4, "username": "test2"}}, {"model": "backend.duration", "pk": 136, "fields": {"time": "2019-09-03 21:25:08", "name": "simulation18.svg", "consumingtime": 5, "username": "test2"}}, {"model": "backend.duration", "pk": 137, "fields": {"time": "2019-09-03 21:25:21", "name": "GRCite.svg", "consumingtime": 11, "username": "test2"}}, {"model": "backend.duration", "pk": 138, "fields": {"time": "2019-09-03 21:25:31", "name": "simulation3.svg", "consumingtime": 7, "username": "test2"}}, {"model": "backend.duration", "pk": 139, "fields": {"time": "2019-09-03 21:25:40", "name": "codeminder4.svg", "consumingtime": 7, "username": "test2"}}, {"model": "backend.duration", "pk": 140, "fields": {"time": "2019-09-03 21:25:51", "name": "cond_mat7.svg", "consumingtime": 8, "username": "test2"}}, {"model": "backend.duration", "pk": 141, "fields": {"time": "2019-09-03 21:25:59", "name": "simulation10.svg", "consumingtime": 5, "username": "test2"}}, {"model": "backend.duration", "pk": 142, "fields": {"time": "2019-09-03 21:26:22", "name": "cond_2005_3.svg", "consumingtime": 20, "username": "test2"}}, {"model": "backend.duration", "pk": 143, "fields": {"time": "2019-09-03 21:26:30", "name": "Dolphin_Social_Network.svg", "consumingtime": 6, "username": "test2"}}, {"model": "backend.duration", "pk": 144, "fields": {"time": "2019-09-03 21:26:40", "name": "simulation1.svg", "consumingtime": 8, "username": "test2"}}, {"model": "backend.duration", "pk": 145, "fields": {"time": "2019-09-03 21:26:58", "name": "codeminder5.svg", "consumingtime": 15, "username": "test2"}}, {"model": "backend.duration", "pk": 146, "fields": {"time": "2019-09-03 21:27:08", "name": "simulation8.svg", "consumingtime": 7, "username": "test2"}}, {"model": "backend.duration", "pk": 147, "fields": {"time": "2019-09-03 21:27:15", "name": "simulation26.svg", "consumingtime": 4, "username": "test2"}}, {"model": "backend.duration", "pk": 148, "fields": {"time": "2019-09-03 21:27:37", "name": "lesmiserable.svg", "consumingtime": 19, "username": "test2"}}, {"model": "backend.duration", "pk": 149, "fields": {"time": "2019-09-03 21:27:47", "name": "simulation23.svg", "consumingtime": 8, "username": "test2"}}, {"model": "backend.duration", "pk": 150, "fields": {"time": "2019-09-03 21:28:00", "name": "cond_mat6.svg", "consumingtime": 10, "username": "test2"}}, {"model": "backend.duration", "pk": 151, "fields": {"time": "2019-09-03 21:28:08", "name": "simulation25.svg", "consumingtime": 6, "username": "test2"}}, {"model": "backend.duration", "pk": 152, "fields": {"time": "2019-09-03 21:28:14", "name": "simulation9.svg", "consumingtime": 4, "username": "test2"}}, {"model": "backend.duration", "pk": 153, "fields": {"time": "2019-09-03 21:28:21", "name": "simulation13.svg", "consumingtime": 5, "username": "test2"}}, {"model": "backend.duration", "pk": 154, "fields": {"time": "2019-09-03 21:28:32", "name": "spdata.svg", "consumingtime": 8, "username": "test2"}}, {"model": "backend.duration", "pk": 155, "fields": {"time": "2019-09-03 21:28:40", "name": "polbook.svg", "consumingtime": 6, "username": "test2"}}, {"model": "backend.duration", "pk": 156, "fields": {"time": "2019-09-03 21:28:57", "name": "cond_mat3.svg", "consumingtime": 14, "username": "test2"}}, {"model": "backend.duration", "pk": 157, "fields": {"time": "2019-09-03 21:29:08", "name": "cond_2003_2.svg", "consumingtime": 8, "username": "test2"}}, {"model": "backend.duration", "pk": 158, "fields": {"time": "2019-09-03 21:29:19", "name": "codeminder1.svg", "consumingtime": 9, "username": "test2"}}, {"model": "backend.duration", "pk": 159, "fields": {"time": "2019-09-03 21:29:29", "name": "cond_mat.svg", "consumingtime": 7, "username": "test2"}}, {"model": "backend.duration", "pk": 160, "fields": {"time": "2019-09-03 21:29:38", "name": "cond_2003_6.svg", "consumingtime": 7, "username": "test2"}}, {"model": "backend.duration", "pk": 161, "fields": {"time": "2019-09-03 21:29:49", "name": "simulation14.svg", "consumingtime": 8, "username": "test2"}}, {"model": "backend.duration", "pk": 162, "fields": {"time": "2019-09-03 21:29:52", "name": "simulation16.svg", "consumingtime": 1, "username": "test2"}}, {"model": "backend.duration", "pk": 163, "fields": {"time": "2019-09-03 21:30:05", "name": "pkrgraph.svg", "consumingtime": 10, "username": "test2"}}, {"model": "backend.duration", "pk": 164, "fields": {"time": "2019-09-03 21:30:14", "name": "simulation5.svg", "consumingtime": 7, "username": "test2"}}, {"model": "backend.duration", "pk": 165, "fields": {"time": "2019-09-03 21:30:21", "name": "simulation11.svg", "consumingtime": 5, "username": "test2"}}, {"model": "backend.duration", "pk": 166, "fields": {"time": "2019-09-03 21:30:29", "name": "cond_2003_3.svg", "consumingtime": 5, "username": "test2"}}, {"model": "backend.duration", "pk": 167, "fields": {"time": "2019-09-03 21:30:33", "name": "cond_2003_4.svg", "consumingtime": 2, "username": "test2"}}, {"model": "backend.duration", "pk": 168, "fields": {"time": "2019-09-03 21:30:36", "name": "celegans.svg", "consumingtime": 1, "username": "test2"}}, {"model": "backend.duration", "pk": 169, "fields": {"time": "2019-09-03 21:30:41", "name": "simulation17.svg", "consumingtime": 2, "username": "test2"}}, {"model": "backend.duration", "pk": 170, "fields": {"time": "2019-09-03 21:30:48", "name": "simulation4.svg", "consumingtime": 4, "username": "test2"}}, {"model": "backend.duration", "pk": 171, "fields": {"time": "2019-09-03 21:30:53", "name": "us-air2.svg", "consumingtime": 2, "username": "test2"}}, {"model": "backend.duration", "pk": 172, "fields": {"time": "2019-09-03 21:31:01", "name": "simulation2.svg", "consumingtime": 6, "username": "test2"}}, {"model": "backend.duration", "pk": 173, "fields": {"time": "2019-09-03 21:31:13", "name": "simulation20.svg", "consumingtime": 10, "username": "test2"}}, {"model": "backend.duration", "pk": 174, "fields": {"time": "2019-09-03 21:31:20", "name": "simulation7.svg", "consumingtime": 4, "username": "test2"}}, {"model": "backend.duration", "pk": 175, "fields": {"time": "2019-09-03 21:31:28", "name": "simulation22.svg", "consumingtime": 6, "username": "test2"}}, {"model": "backend.duration", "pk": 176, "fields": {"time": "2019-09-03 21:31:36", "name": "cond_mat5.svg", "consumingtime": 5, "username": "test2"}}, {"model": "backend.duration", "pk": 177, "fields": {"time": "2019-09-03 21:31:46", "name": "simulation29.svg", "consumingtime": 7, "username": "test2"}}, {"model": "backend.duration", "pk": 178, "fields": {"time": "2019-09-03 21:31:52", "name": "simulation6.svg", "consumingtime": 3, "username": "test2"}}, {"model": "backend.duration", "pk": 179, "fields": {"time": "2019-09-03 21:32:06", "name": "cond_2005_2.svg", "consumingtime": 12, "username": "test2"}}, {"model": "backend.duration", "pk": 180, "fields": {"time": "2019-09-03 21:32:32", "name": "simulation27.svg", "consumingtime": 24, "username": "test2"}}, {"model": "backend.rectangle", "pk": 20, "fields": {"time": "2019-09-03 21:20:37", "name": "Political_blogs.svg", "x1": 781.9573364257812, "y1": 1296.7940673828125, "x2": 1031.650390625, "y2": 1546.4871826171875, "username": "test2", "duration": 112}}, {"model": "backend.rectangle", "pk": 21, "fields": {"time": "2019-09-03 21:20:39", "name": "Political_blogs.svg", "x1": 2301.828369140625, "y1": 829.9764404296875, "x2": 3708.0, "y2": 1774.4677734375, "username": "test2", "duration": 112}}, {"model": "backend.rectangle", "pk": 22, "fields": {"time": "2019-09-03 21:20:43", "name": "simulation24.svg", "x1": -3527.0, "y1": -984.02197265625, "x2": -2525.043701171875, "y2": -137.6719970703125, "username": "test2", "duration": 113}}, {"model": "backend.rectangle", "pk": 23, "fields": {"time": "2019-09-03 21:20:44", "name": "simulation24.svg", "x1": -1212.337646484375, "y1": -2841.0, "x2": -789.16259765625, "y2": -1804.46337890625, "username": "test2", "duration": 113}}, {"model": "backend.rectangle", "pk": 24, "fields": {"time": "2019-09-03 21:20:46", "name": "simulation24.svg", "x1": 696.2680053710938, "y1": 1865.93212890625, "x2": 1669.0, "y2": 3282.0, "username": "test2", "duration": 113}}, {"model": "backend.rectangle", "pk": 25, "fields": {"time": "2019-09-03 21:20:47", "name": "simulation24.svg", "x1": -2024.1427001953125, "y1": 2401.3779296875, "x2": 782.6302490234375, "y2": 3282.0, "username": "test2", "duration": 113}}, {"model": "backend.rectangle", "pk": 26, "fields": {"time": "2019-09-03 21:20:45", "name": "simulation24.svg", "x1": 955.354736328125, "y1": -2702.630615234375, "x2": 1669.0, "y2": -1251.7449951171875, "username": "test2", "duration": 113}}, {"model": "backend.rectangle", "pk": 27, "fields": {"time": "2019-09-03 21:20:48", "name": "simulation24.svg", "x1": -2050.05126953125, "y1": 1434.120849609375, "x2": -1272.7911376953125, "y2": 2125.018798828125, "username": "test2", "duration": 113}}, {"model": "backend.rectangle", "pk": 28, "fields": {"time": "2019-09-03 21:20:54", "name": "codeminder2.svg", "x1": 1029.0, "y1": -503.4964904785156, "x2": 1907.7650146484375, "y2": 664.118408203125, "username": "test2", "duration": 114}}, {"model": "backend.rectangle", "pk": 29, "fields": {"time": "2019-09-03 21:20:56", "name": "codeminder2.svg", "x1": 2403.11669921875, "y1": 233.63414001464844, "x2": 3045.894775390625, "y2": 1247.9259033203125, "username": "test2", "duration": 114}}, {"model": "backend.rectangle", "pk": 30, "fields": {"time": "2019-09-03 21:21:03", "name": "cond_2005_4.svg", "x1": 1471.9097900390625, "y1": 541.4110107421875, "x2": 2016.0, "y2": 1072.9061279296875, "username": "test2", "duration": 115}}, {"model": "backend.rectangle", "pk": 31, "fields": {"time": "2019-09-03 21:21:09", "name": "cond_2005_4.svg", "x1": 472.4315490722656, "y1": 972.6240844726562, "x2": 515.8870849609375, "y2": 1086.277099609375, "username": "test2", "duration": 115}}, {"model": "backend.rectangle", "pk": 32, "fields": {"time": "2019-09-03 21:21:07", "name": "cond_2005_4.svg", "x1": 1211.1763916015625, "y1": 1266.784912109375, "x2": 1261.3173828125, "y2": 1467.34912109375, "username": "test2", "duration": 115}}, {"model": "backend.rectangle", "pk": 33, "fields": {"time": "2019-09-03 21:21:06", "name": "cond_2005_4.svg", "x1": 1084.15234375, "y1": 1547.5748291015625, "x2": 1204.4908447265625, "y2": 1758.167236328125, "username": "test2", "duration": 115}}, {"model": "backend.rectangle", "pk": 34, "fields": {"time": "2019-09-03 21:21:14", "name": "jazz.svg", "x1": -1404.8236083984375, "y1": 99.30785369873047, "x2": -1203.212890625, "y2": 312.3304748535156, "username": "test2", "duration": 116}}, {"model": "backend.rectangle", "pk": 35, "fields": {"time": "2019-09-03 21:21:18", "name": "jazz.svg", "x1": -43.00031661987305, "y1": -981.0211791992188, "x2": 90.13882446289062, "y2": -916.3536376953125, "username": "test2", "duration": 116}}, {"model": "backend.rectangle", "pk": 36, "fields": {"time": "2019-09-03 21:21:21", "name": "jazz.svg", "x1": -385.3581237792969, "y1": 1016.0659790039062, "x2": -290.25872802734375, "y2": 1442.0, "username": "test2", "duration": 116}}, {"model": "backend.rectangle", "pk": 37, "fields": {"time": "2019-09-03 21:21:19", "name": "jazz.svg", "x1": -1.156586766242981, "y1": -1255.0, "x2": 86.33485412597656, "y2": -1060.9046630859375, "username": "test2", "duration": 116}}, {"model": "backend.rectangle", "pk": 38, "fields": {"time": "2019-09-03 21:21:16", "name": "jazz.svg", "x1": -2809.0, "y1": 338.95831298828125, "x2": -2538.408203125, "y2": 529.1571044921875, "username": "test2", "duration": 116}}, {"model": "backend.rectangle", "pk": 39, "fields": {"time": "2019-09-03 21:21:26", "name": "simulation21.svg", "x1": 1419.1676025390625, "y1": -347.39947509765625, "x2": 2280.4501953125, "y2": 345.1182861328125, "username": "test2", "duration": 117}}, {"model": "backend.rectangle", "pk": 40, "fields": {"time": "2019-09-03 21:21:33", "name": "cond_2005_1.svg", "x1": 1030.9825439453125, "y1": 223.79806518554688, "x2": 1113.01806640625, "y2": 295.788330078125, "username": "test2", "duration": 118}}, {"model": "backend.rectangle", "pk": 41, "fields": {"time": "2019-09-03 21:21:35", "name": "cond_2005_1.svg", "x1": 1034.3309326171875, "y1": 434.746337890625, "x2": 1049.398681640625, "y2": 546.917236328125, "username": "test2", "duration": 118}}, {"model": "backend.rectangle", "pk": 42, "fields": {"time": "2019-09-03 21:21:34", "name": "cond_2005_1.svg", "x1": 999.1729125976562, "y1": 332.6205749511719, "x2": 1074.5115966796875, "y2": 387.8689270019531, "username": "test2", "duration": 118}}, {"model": "backend.rectangle", "pk": 43, "fields": {"time": "2019-09-03 21:21:39", "name": "simulation28.svg", "x1": -2508.298095703125, "y1": 1893.383544921875, "x2": -1487.193603515625, "y2": 2314.0, "username": "test2", "duration": 119}}, {"model": "backend.rectangle", "pk": 44, "fields": {"time": "2019-09-03 21:21:41", "name": "simulation28.svg", "x1": -1441.0130615234375, "y1": 1467.4957275390625, "x2": -1097.22412109375, "y2": 1775.366455078125, "username": "test2", "duration": 119}}, {"model": "backend.rectangle", "pk": 45, "fields": {"time": "2019-09-03 21:21:43", "name": "simulation28.svg", "x1": 1288.77392578125, "y1": -251.4490203857422, "x2": 1723.0, "y2": 364.2923889160156, "username": "test2", "duration": 119}}, {"model": "backend.rectangle", "pk": 46, "fields": {"time": "2019-09-03 21:21:45", "name": "simulation28.svg", "x1": -3119.0, "y1": -959.5516357421875, "x2": -2390.281005859375, "y2": -379.7284851074219, "username": "test2", "duration": 119}}, {"model": "backend.rectangle", "pk": 47, "fields": {"time": "2019-09-03 21:21:40", "name": "simulation28.svg", "x1": -1938.7373046875, "y1": 933.8532104492188, "x2": -1364.04541015625, "y2": 1523.938720703125, "username": "test2", "duration": 119}}, {"model": "backend.rectangle", "pk": 48, "fields": {"time": "2019-09-03 21:21:53", "name": "karate.svg", "x1": -1023.7474975585938, "y1": -452.8754577636719, "x2": -720.0431518554688, "y2": -216.1955108642578, "username": "test2", "duration": 120}}, {"model": "backend.rectangle", "pk": 49, "fields": {"time": "2019-09-03 21:21:51", "name": "karate.svg", "x1": -215.26553344726562, "y1": -176.39976501464844, "x2": -152.43014526367188, "y2": -84.24120330810547, "username": "test2", "duration": 120}}, {"model": "backend.rectangle", "pk": 50, "fields": {"time": "2019-09-03 21:21:55", "name": "karate.svg", "x1": -885.5096435546875, "y1": 435.1979675292969, "x2": -627.8845825195312, "y2": 743.0913696289062, "username": "test2", "duration": 120}}, {"model": "backend.rectangle", "pk": 51, "fields": {"time": "2019-09-03 21:21:57", "name": "karate.svg", "x1": 1167.1129150390625, "y1": 269.7314758300781, "x2": 1351.0, "y2": 556.6796875, "username": "test2", "duration": 120}}, {"model": "backend.rectangle", "pk": 52, "fields": {"time": "2019-09-03 21:21:56", "name": "karate.svg", "x1": 1102.1829833984375, "y1": -126.13146209716797, "x2": 1351.0, "y2": 77.03628540039062, "username": "test2", "duration": 120}}, {"model": "backend.rectangle", "pk": 53, "fields": {"time": "2019-09-03 21:21:57", "name": "karate.svg", "x1": 936.7164916992188, "y1": 116.83202362060547, "x2": 1077.048828125, "y2": 290.67657470703125, "username": "test2", "duration": 120}}, {"model": "backend.rectangle", "pk": 54, "fields": {"time": "2019-09-03 21:22:08", "name": "cond_2003_1.svg", "x1": -3638.466796875, "y1": 5930.88525390625, "x2": -2394.833251953125, "y2": 8437.0, "username": "test2", "duration": 121}}, {"model": "backend.rectangle", "pk": 55, "fields": {"time": "2019-09-03 21:22:14", "name": "cond_2003_1.svg", "x1": -5698.23486328125, "y1": -1764.096923828125, "x2": -4551.76025390625, "y2": -850.8035278320312, "username": "test2", "duration": 121}}, {"model": "backend.rectangle", "pk": 56, "fields": {"time": "2019-09-03 21:22:09", "name": "cond_2003_1.svg", "x1": -7741.0, "y1": -3998.7509765625, "x2": -5562.21240234375, "y2": -1472.620361328125, "username": "test2", "duration": 121}}, {"model": "backend.rectangle", "pk": 57, "fields": {"time": "2019-09-03 21:22:32", "name": "airline.svg", "x1": -192.5175323486328, "y1": 291.7983093261719, "x2": -86.95462036132812, "y2": 407.4148254394531, "username": "test2", "duration": 122}}, {"model": "backend.rectangle", "pk": 58, "fields": {"time": "2019-09-03 21:22:38", "name": "Neural_network.svg", "x1": 1849.544189453125, "y1": 570.1931762695312, "x2": 2287.0, "y2": 1084.29345703125, "username": "test2", "duration": 123}}, {"model": "backend.rectangle", "pk": 59, "fields": {"time": "2019-09-03 21:22:39", "name": "Neural_network.svg", "x1": 1119.435546875, "y1": 1010.8505249023438, "x2": 1227.439697265625, "y2": 1131.8153076171875, "username": "test2", "duration": 123}}, {"model": "backend.rectangle", "pk": 60, "fields": {"time": "2019-09-03 21:22:54", "name": "simulation19.svg", "x1": -1872.0723876953125, "y1": 211.9059600830078, "x2": -1607.8665771484375, "y2": 488.6929931640625, "username": "test2", "duration": 124}}, {"model": "backend.rectangle", "pk": 61, "fields": {"time": "2019-09-03 21:22:50", "name": "simulation19.svg", "x1": -3659.0, "y1": -1549.466064453125, "x2": -2645.81787109375, "y2": -857.4984741210938, "username": "test2", "duration": 124}}, {"model": "backend.rectangle", "pk": 62, "fields": {"time": "2019-09-03 21:23:06", "name": "cond_mat4.svg", "x1": -7638.77734375, "y1": 5317.4423828125, "x2": -6836.1484375, "y2": 5928.96923828125, "username": "test2", "duration": 125}}, {"model": "backend.rectangle", "pk": 63, "fields": {"time": "2019-09-03 21:23:02", "name": "cond_mat4.svg", "x1": -1064.8643798828125, "y1": -6474.0, "x2": -243.1253204345703, "y2": -4486.09619140625, "username": "test2", "duration": 125}}, {"model": "backend.rectangle", "pk": 64, "fields": {"time": "2019-09-03 21:23:04", "name": "cond_mat4.svg", "x1": -8116.53271484375, "y1": 2737.56396484375, "x2": -6415.7236328125, "y2": 4132.609375, "username": "test2", "duration": 125}}, {"model": "backend.rectangle", "pk": 65, "fields": {"time": "2019-09-03 21:23:11", "name": "cond_mat4.svg", "x1": 3846.4599609375, "y1": 1514.5103759765625, "x2": 6620.0, "y2": 2966.886474609375, "username": "test2", "duration": 125}}, {"model": "backend.rectangle", "pk": 66, "fields": {"time": "2019-09-03 21:23:07", "name": "cond_mat4.svg", "x1": 311.0708312988281, "y1": 5298.33251953125, "x2": 1323.912109375, "y2": 6311.17333984375, "username": "test2", "duration": 125}}, {"model": "backend.rectangle", "pk": 67, "fields": {"time": "2019-09-03 21:23:19", "name": "cpanA.svg", "x1": -341.26556396484375, "y1": 1090.713134765625, "x2": -62.74628448486328, "y2": 1334.41748046875, "username": "test2", "duration": 126}}, {"model": "backend.rectangle", "pk": 68, "fields": {"time": "2019-09-03 21:23:21", "name": "cpanA.svg", "x1": 311.51397705078125, "y1": -1537.8126220703125, "x2": 529.107177734375, "y2": -1285.404541015625, "username": "test2", "duration": 126}}, {"model": "backend.rectangle", "pk": 69, "fields": {"time": "2019-09-03 21:23:16", "name": "cpanA.svg", "x1": -1289.9718017578125, "y1": -1703.1834716796875, "x2": -1115.8973388671875, "y2": -1389.8492431640625, "username": "test2", "duration": 126}}, {"model": "backend.rectangle", "pk": 70, "fields": {"time": "2019-09-03 21:23:23", "name": "cpanA.svg", "x1": 720.5891723632812, "y1": 2074.234375, "x2": 920.77490234375, "y2": 2387.568359375, "username": "test2", "duration": 126}}, {"model": "backend.rectangle", "pk": 71, "fields": {"time": "2019-09-03 21:23:20", "name": "cpanA.svg", "x1": 1608.369384765625, "y1": -345.4019470214844, "x2": 1825.9625244140625, "y2": -119.10503387451172, "username": "test2", "duration": 126}}, {"model": "backend.rectangle", "pk": 72, "fields": {"time": "2019-09-03 21:23:22", "name": "cpanA.svg", "x1": 807.62646484375, "y1": 1726.085205078125, "x2": 1155.7755126953125, "y2": 2100.345458984375, "username": "test2", "duration": 126}}, {"model": "backend.rectangle", "pk": 73, "fields": {"time": "2019-09-03 21:23:28", "name": "simulation12.svg", "x1": -2969.0, "y1": -1475.0, "x2": -1951.931396484375, "y2": -562.8837280273438, "username": "test2", "duration": 127}}, {"model": "backend.rectangle", "pk": 74, "fields": {"time": "2019-09-03 21:23:32", "name": "simulation12.svg", "x1": 41.11538314819336, "y1": 1907.286376953125, "x2": 820.2155151367188, "y2": 2807.0, "username": "test2", "duration": 127}}, {"model": "backend.rectangle", "pk": 75, "fields": {"time": "2019-09-03 21:23:29", "name": "simulation12.svg", "x1": -2580.043212890625, "y1": 2414.607421875, "x2": -1523.1243896484375, "y2": 2807.0, "username": "test2", "duration": 127}}, {"model": "backend.rectangle", "pk": 76, "fields": {"time": "2019-09-03 21:23:41", "name": "us-air.svg", "x1": -2536.17529296875, "y1": 1059.6236572265625, "x2": -1134.255615234375, "y2": 2353.213134765625, "username": "test2", "duration": 128}}, {"model": "backend.rectangle", "pk": 77, "fields": {"time": "2019-09-03 21:23:51", "name": "cond_mat2.svg", "x1": -348.0965270996094, "y1": -2724.107421875, "x2": -32.88606643676758, "y2": -2348.85693359375, "username": "test2", "duration": 129}}, {"model": "backend.rectangle", "pk": 78, "fields": {"time": "2019-09-03 21:23:56", "name": "cond_mat2.svg", "x1": -6832.42626953125, "y1": 4690.84375, "x2": -6412.1455078125, "y2": 5111.1240234375, "username": "test2", "duration": 129}}, {"model": "backend.rectangle", "pk": 79, "fields": {"time": "2019-09-03 21:23:59", "name": "cond_mat2.svg", "x1": 27.154022216796875, "y1": -2589.017333984375, "x2": 642.56494140625, "y2": -1853.526123046875, "username": "test2", "duration": 129}}, {"model": "backend.rectangle", "pk": 80, "fields": {"time": "2019-09-03 21:23:54", "name": "cond_mat2.svg", "x1": -3860.441650390625, "y1": 3414.99169921875, "x2": -3320.0810546875, "y2": 4075.4326171875, "username": "test2", "duration": 129}}, {"model": "backend.rectangle", "pk": 81, "fields": {"time": "2019-09-03 21:24:05", "name": "cond_2003_5.svg", "x1": -2216.909912109375, "y1": 8195.1796875, "x2": -1698.6290283203125, "y2": 8765.2890625, "username": "test2", "duration": 130}}, {"model": "backend.rectangle", "pk": 82, "fields": {"time": "2019-09-03 21:24:11", "name": "simulation15.svg", "x1": -2171.69140625, "y1": -2017.909912109375, "x2": -2122.438720703125, "y2": -1948.9560546875, "username": "test2", "duration": 131}}, {"model": "backend.rectangle", "pk": 83, "fields": {"time": "2019-09-03 21:24:17", "name": "simulation15.svg", "x1": -63.67122268676758, "y1": -1909.5537109375, "x2": -29.19425392150879, "y2": -1791.3470458984375, "username": "test2", "duration": 131}}, {"model": "backend.rectangle", "pk": 84, "fields": {"time": "2019-09-03 21:24:10", "name": "simulation15.svg", "x1": 1143.0225830078125, "y1": -156.1537322998047, "x2": 1399.13720703125, "y2": 183.69065856933594, "username": "test2", "duration": 131}}, {"model": "backend.rectangle", "pk": 85, "fields": {"time": "2019-09-03 21:24:13", "name": "simulation15.svg", "x1": -1181.7099609375, "y1": -2495.662109375, "x2": -1038.8768310546875, "y2": -2313.4267578125, "username": "test2", "duration": 131}}, {"model": "backend.rectangle", "pk": 86, "fields": {"time": "2019-09-03 21:24:22", "name": "codeminder3.svg", "x1": 1559.0400390625, "y1": -1444.779052734375, "x2": 1639.65380859375, "y2": -1249.0025634765625, "username": "test2", "duration": 132}}, {"model": "backend.rectangle", "pk": 87, "fields": {"time": "2019-09-03 21:24:32", "name": "codeminder3.svg", "x1": 488.02777099609375, "y1": -1721.1693115234375, "x2": 672.2879638671875, "y2": -1686.6204833984375, "username": "test2", "duration": 132}}, {"model": "backend.rectangle", "pk": 88, "fields": {"time": "2019-09-03 21:24:24", "name": "codeminder3.svg", "x1": 2388.210693359375, "y1": 1745.2252197265625, "x2": 2549.4384765625, "y2": 1998.5828857421875, "username": "test2", "duration": 132}}, {"model": "backend.rectangle", "pk": 89, "fields": {"time": "2019-09-03 21:24:29", "name": "codeminder3.svg", "x1": -1377.6064453125, "y1": -154.9578094482422, "x2": -1009.0861206054688, "y2": 317.2088623046875, "username": "test2", "duration": 132}}, {"model": "backend.rectangle", "pk": 90, "fields": {"time": "2019-09-03 21:24:23", "name": "codeminder3.svg", "x1": 1006.259521484375, "y1": 1871.904052734375, "x2": 1294.166015625, "y2": 2102.229248046875, "username": "test2", "duration": 132}}, {"model": "backend.rectangle", "pk": 91, "fields": {"time": "2019-09-03 21:24:27", "name": "codeminder3.svg", "x1": -824.825927734375, "y1": 1848.87158203125, "x2": -778.7609252929688, "y2": 2044.64794921875, "username": "test2", "duration": 132}}, {"model": "backend.rectangle", "pk": 92, "fields": {"time": "2019-09-03 21:24:30", "name": "codeminder3.svg", "x1": -1757.64306640625, "y1": -972.6123046875, "x2": -1596.4154052734375, "y2": -696.2220458984375, "username": "test2", "duration": 132}}, {"model": "backend.rectangle", "pk": 93, "fields": {"time": "2019-09-03 21:24:36", "name": "simulation30.svg", "x1": 7121.52099609375, "y1": 1461.383056640625, "x2": 7324.396484375, "y2": 1531.2252197265625, "username": "test2", "duration": 133}}, {"model": "backend.rectangle", "pk": 94, "fields": {"time": "2019-09-03 21:24:37", "name": "simulation30.svg", "x1": 6463.0087890625, "y1": 560.0, "x2": 6848.8037109375, "y2": 856.0835571289062, "username": "test2", "duration": 133}}, {"model": "backend.rectangle", "pk": 95, "fields": {"time": "2019-09-03 21:24:40", "name": "simulation30.svg", "x1": 9499.4833984375, "y1": 1318.3726806640625, "x2": 10330.9384765625, "y2": 1734.100341796875, "username": "test2", "duration": 133}}, {"model": "backend.rectangle", "pk": 96, "fields": {"time": "2019-09-03 21:24:38", "name": "simulation30.svg", "x1": 5808.0, "y1": 1767.3585205078125, "x2": 6093.84228515625, "y2": 1996.8402099609375, "username": "test2", "duration": 133}}, {"model": "backend.rectangle", "pk": 97, "fields": {"time": "2019-09-03 21:24:39", "name": "simulation30.svg", "x1": 9928.5146484375, "y1": 1900.391357421875, "x2": 10396.0, "y2": 2236.29931640625, "username": "test2", "duration": 133}}, {"model": "backend.rectangle", "pk": 98, "fields": {"time": "2019-09-03 21:24:41", "name": "simulation30.svg", "x1": 9033.8681640625, "y1": 2668.656005859375, "x2": 9529.416015625, "y2": 2918.0, "username": "test2", "duration": 133}}, {"model": "backend.rectangle", "pk": 99, "fields": {"time": "2019-09-03 21:24:47", "name": "eurosis.svg", "x1": 72.65343475341797, "y1": -118.47459411621094, "x2": 229.78778076171875, "y2": -50.621124267578125, "username": "test2", "duration": 134}}, {"model": "backend.rectangle", "pk": 100, "fields": {"time": "2019-09-03 21:24:52", "name": "eurosis.svg", "x1": -284.4700927734375, "y1": 558.2744750976562, "x2": -41.626094818115234, "y2": 760.0, "username": "test2", "duration": 134}}, {"model": "backend.rectangle", "pk": 101, "fields": {"time": "2019-09-03 21:24:46", "name": "eurosis.svg", "x1": 1019.03076171875, "y1": -132.75953674316406, "x2": 1090.4554443359375, "y2": -39.90741729736328, "username": "test2", "duration": 134}}, {"model": "backend.rectangle", "pk": 102, "fields": {"time": "2019-09-03 21:24:48", "name": "eurosis.svg", "x1": -239.82965087890625, "y1": -311.3212890625, "x2": -216.6166229248047, "y2": -270.2520751953125, "username": "test2", "duration": 134}}, {"model": "backend.rectangle", "pk": 103, "fields": {"time": "2019-09-03 21:24:50", "name": "eurosis.svg", "x1": -563.0264282226562, "y1": -66.69168090820312, "x2": -489.81610107421875, "y2": 42.23099136352539, "username": "test2", "duration": 134}}, {"model": "backend.rectangle", "pk": 104, "fields": {"time": "2019-09-03 21:24:51", "name": "eurosis.svg", "x1": -113.05079650878906, "y1": 136.8687286376953, "x2": -25.5555362701416, "y2": 260.07635498046875, "username": "test2", "duration": 134}}, {"model": "backend.rectangle", "pk": 105, "fields": {"time": "2019-09-03 21:24:49", "name": "eurosis.svg", "x1": -259.471435546875, "y1": -341.6767883300781, "x2": -166.61932373046875, "y2": -229.18287658691406, "username": "test2", "duration": 134}}, {"model": "backend.rectangle", "pk": 106, "fields": {"time": "2019-09-03 21:24:57", "name": "America_Collage_football.svg", "x1": 236.8632354736328, "y1": 191.12266540527344, "x2": 331.8143615722656, "y2": 334.988037109375, "username": "test2", "duration": 135}}, {"model": "backend.rectangle", "pk": 107, "fields": {"time": "2019-09-03 21:24:57", "name": "America_Collage_football.svg", "x1": -94.0271224975586, "y1": 346.49725341796875, "x2": 164.9305419921875, "y2": 493.23992919921875, "username": "test2", "duration": 135}}, {"model": "backend.rectangle", "pk": 108, "fields": {"time": "2019-09-03 21:24:58", "name": "America_Collage_football.svg", "x1": -683.8751220703125, "y1": 193.99996948242188, "x2": -528.5005493164062, "y2": 355.1291809082031, "username": "test2", "duration": 135}}, {"model": "backend.rectangle", "pk": 109, "fields": {"time": "2019-09-03 21:25:05", "name": "simulation18.svg", "x1": -126.73277282714844, "y1": -3846.921630859375, "x2": 132.9445343017578, "y2": -3648.3447265625, "username": "test2", "duration": 136}}, {"model": "backend.rectangle", "pk": 110, "fields": {"time": "2019-09-03 21:25:04", "name": "simulation18.svg", "x1": 583.56103515625, "y1": -1723.677734375, "x2": 713.399658203125, "y2": -1509.8258056640625, "username": "test2", "duration": 136}}, {"model": "backend.rectangle", "pk": 111, "fields": {"time": "2019-09-03 21:25:07", "name": "simulation18.svg", "x1": 468.99749755859375, "y1": 605.7804565429688, "x2": 705.7620849609375, "y2": 842.5450439453125, "username": "test2", "duration": 136}}, {"model": "backend.rectangle", "pk": 112, "fields": {"time": "2019-09-03 21:25:06", "name": "simulation18.svg", "x1": -966.865234375, "y1": -4121.8740234375, "x2": -691.9127807617188, "y2": -3969.12255859375, "username": "test2", "duration": 136}}, {"model": "backend.rectangle", "pk": 113, "fields": {"time": "2019-09-03 21:25:14", "name": "GRCite.svg", "x1": 1410.1488037109375, "y1": -1589.3148193359375, "x2": 2546.0, "y2": -880.56787109375, "username": "test2", "duration": 137}}, {"model": "backend.rectangle", "pk": 114, "fields": {"time": "2019-09-03 21:25:19", "name": "GRCite.svg", "x1": -2511.584228515625, "y1": -2033.462890625, "x2": -1859.537109375, "y2": -1343.6158447265625, "username": "test2", "duration": 137}}, {"model": "backend.rectangle", "pk": 115, "fields": {"time": "2019-09-03 21:25:17", "name": "GRCite.svg", "x1": 153.30419921875, "y1": 2294.618408203125, "x2": 455.702880859375, "y2": 3400.0, "username": "test2", "duration": 137}}, {"model": "backend.rectangle", "pk": 116, "fields": {"time": "2019-09-03 21:25:26", "name": "simulation3.svg", "x1": 1062.109375, "y1": 404.4819641113281, "x2": 1533.5555419921875, "y2": 820.4638061523438, "username": "test2", "duration": 138}}, {"model": "backend.rectangle", "pk": 117, "fields": {"time": "2019-09-03 21:25:29", "name": "simulation3.svg", "x1": -1179.5706787109375, "y1": -1939.0, "x2": -920.7374877929688, "y2": -1564.4989013671875, "username": "test2", "duration": 138}}, {"model": "backend.rectangle", "pk": 118, "fields": {"time": "2019-09-03 21:25:30", "name": "simulation3.svg", "x1": -1890.0, "y1": 104.05061340332031, "x2": -1461.513916015625, "y2": 441.4581298828125, "username": "test2", "duration": 138}}, {"model": "backend.rectangle", "pk": 119, "fields": {"time": "2019-09-03 21:25:34", "name": "codeminder4.svg", "x1": -424.4979553222656, "y1": 1510.9696044921875, "x2": -346.1125183105469, "y2": 1587.6131591796875, "username": "test2", "duration": 139}}, {"model": "backend.rectangle", "pk": 120, "fields": {"time": "2019-09-03 21:25:36", "name": "codeminder4.svg", "x1": 51.04047393798828, "y1": 1347.2310791015625, "x2": 148.58682250976562, "y2": 1434.3260498046875, "username": "test2", "duration": 139}}, {"model": "backend.rectangle", "pk": 121, "fields": {"time": "2019-09-03 21:25:39", "name": "codeminder4.svg", "x1": 91.10415649414062, "y1": 1951.6700439453125, "x2": 145.10302734375, "y2": 2030.0555419921875, "username": "test2", "duration": 139}}, {"model": "backend.rectangle", "pk": 122, "fields": {"time": "2019-09-03 21:25:40", "name": "codeminder4.svg", "x1": -318.24212646484375, "y1": 1996.95947265625, "x2": -189.3415985107422, "y2": 2101.473388671875, "username": "test2", "duration": 139}}, {"model": "backend.rectangle", "pk": 123, "fields": {"time": "2019-09-03 21:25:35", "name": "codeminder4.svg", "x1": -713.0, "y1": 1463.9383544921875, "x2": -579.5269775390625, "y2": 1530.1304931640625, "username": "test2", "duration": 139}}, {"model": "backend.rectangle", "pk": 124, "fields": {"time": "2019-09-03 21:25:37", "name": "codeminder4.svg", "x1": 70.20136260986328, "y1": 1740.9002685546875, "x2": 103.29744720458984, "y2": 1812.318115234375, "username": "test2", "duration": 139}}, {"model": "backend.rectangle", "pk": 125, "fields": {"time": "2019-09-03 21:25:45", "name": "cond_mat7.svg", "x1": 4115.25830078125, "y1": 135.98870849609375, "x2": 4559.33203125, "y2": 888.9835815429688, "username": "test2", "duration": 140}}, {"model": "backend.rectangle", "pk": 126, "fields": {"time": "2019-09-03 21:25:47", "name": "cond_mat7.svg", "x1": 4694.48486328125, "y1": 3958.885986328125, "x2": 5196.4814453125, "y2": 5020.8017578125, "username": "test2", "duration": 140}}, {"model": "backend.rectangle", "pk": 127, "fields": {"time": "2019-09-03 21:25:49", "name": "cond_mat7.svg", "x1": -171.02056884765625, "y1": 5001.494140625, "x2": 41.36260986328125, "y2": 5677.2587890625, "username": "test2", "duration": 140}}, {"model": "backend.rectangle", "pk": 128, "fields": {"time": "2019-09-03 21:25:46", "name": "cond_mat7.svg", "x1": 3420.185791015625, "y1": 2240.512939453125, "x2": 4424.17919921875, "y2": 2781.124755859375, "username": "test2", "duration": 140}}, {"model": "backend.rectangle", "pk": 129, "fields": {"time": "2019-09-03 21:25:55", "name": "simulation10.svg", "x1": 2315.374267578125, "y1": 702.5093994140625, "x2": 2566.25927734375, "y2": 976.6244506835938, "username": "test2", "duration": 141}}, {"model": "backend.rectangle", "pk": 130, "fields": {"time": "2019-09-03 21:25:57", "name": "simulation10.svg", "x1": -862.502197265625, "y1": 753.6156005859375, "x2": -695.2455444335938, "y2": 906.9342041015625, "username": "test2", "duration": 141}}, {"model": "backend.rectangle", "pk": 131, "fields": {"time": "2019-09-03 21:25:55", "name": "simulation10.svg", "x1": 2719.577880859375, "y1": 1241.447509765625, "x2": 2840.374267578125, "y2": 1441.226318359375, "username": "test2", "duration": 141}}, {"model": "backend.rectangle", "pk": 132, "fields": {"time": "2019-09-03 21:25:56", "name": "simulation10.svg", "x1": 201.43600463867188, "y1": 1348.305908203125, "x2": 614.931640625, "y2": 1766.4476318359375, "username": "test2", "duration": 141}}, {"model": "backend.rectangle", "pk": 133, "fields": {"time": "2019-09-03 21:26:02", "name": "cond_2005_3.svg", "x1": -685.3651123046875, "y1": -123.37588500976562, "x2": -585.00537109375, "y2": -28.750959396362305, "username": "test2", "duration": 142}}, {"model": "backend.rectangle", "pk": 134, "fields": {"time": "2019-09-03 21:26:20", "name": "cond_2005_3.svg", "x1": -1505.4478759765625, "y1": -278.2166748046875, "x2": -1419.4251708984375, "y2": -200.79627990722656, "username": "test2", "duration": 142}}, {"model": "backend.rectangle", "pk": 135, "fields": {"time": "2019-09-03 21:26:17", "name": "cond_2005_3.svg", "x1": -1106.8760986328125, "y1": -702.5951538085938, "x2": -960.6376342773438, "y2": -550.6217651367188, "username": "test2", "duration": 142}}, {"model": "backend.rectangle", "pk": 136, "fields": {"time": "2019-09-03 21:26:04", "name": "cond_2005_3.svg", "x1": -1855.2733154296875, "y1": -238.07276916503906, "x2": -1769.2506103515625, "y2": -149.18267822265625, "username": "test2", "duration": 142}}, {"model": "backend.rectangle", "pk": 137, "fields": {"time": "2019-09-03 21:26:03", "name": "cond_2005_3.svg", "x1": -728.37646484375, "y1": 389.8926696777344, "x2": -481.7781677246094, "y2": 533.2637329101562, "username": "test2", "duration": 142}}, {"model": "backend.rectangle", "pk": 138, "fields": {"time": "2019-09-03 21:26:15", "name": "cond_2005_3.svg", "x1": -1720.5045166015625, "y1": 366.9532775878906, "x2": -1602.940185546875, "y2": 559.070556640625, "username": "test2", "duration": 142}}, {"model": "backend.rectangle", "pk": 139, "fields": {"time": "2019-09-03 21:26:28", "name": "Dolphin_Social_Network.svg", "x1": -380.4990539550781, "y1": -92.44486236572266, "x2": -282.0758056640625, "y2": 46.6314811706543, "username": "test2", "duration": 143}}, {"model": "backend.rectangle", "pk": 140, "fields": {"time": "2019-09-03 21:26:33", "name": "simulation1.svg", "x1": -2.1549460887908936, "y1": 483.0589599609375, "x2": 57.596900939941406, "y2": 567.4144897460938, "username": "test2", "duration": 144}}, {"model": "backend.rectangle", "pk": 141, "fields": {"time": "2019-09-03 21:26:40", "name": "simulation1.svg", "x1": -16.214204788208008, "y1": 1354.73291015625, "x2": 676.2042846679688, "y2": 1678.0, "username": "test2", "duration": 144}}, {"model": "backend.rectangle", "pk": 142, "fields": {"time": "2019-09-03 21:26:36", "name": "simulation1.svg", "x1": 890.6079711914062, "y1": 92.91454315185547, "x2": 1080.0, "y2": 205.38861083984375, "username": "test2", "duration": 144}}, {"model": "backend.rectangle", "pk": 143, "fields": {"time": "2019-09-03 21:26:38", "name": "simulation1.svg", "x1": -1063.62890625, "y1": 110.48861694335938, "x2": -975.7586059570312, "y2": 201.87379455566406, "username": "test2", "duration": 144}}, {"model": "backend.rectangle", "pk": 144, "fields": {"time": "2019-09-03 21:26:35", "name": "simulation1.svg", "x1": -803.5326538085938, "y1": 426.8219299316406, "x2": -757.840087890625, "y2": 539.2960205078125, "username": "test2", "duration": 144}}, {"model": "backend.rectangle", "pk": 145, "fields": {"time": "2019-09-03 21:26:46", "name": "codeminder5.svg", "x1": 1495.29638671875, "y1": -898.1395263671875, "x2": 1854.0, "y2": -490.5418701171875, "username": "test2", "duration": 145}}, {"model": "backend.rectangle", "pk": 146, "fields": {"time": "2019-09-03 21:26:55", "name": "codeminder5.svg", "x1": 991.2442626953125, "y1": -851.4680786132812, "x2": 1205.93310546875, "y2": -434.53607177734375, "username": "test2", "duration": 145}}, {"model": "backend.rectangle", "pk": 147, "fields": {"time": "2019-09-03 21:26:46", "name": "codeminder5.svg", "x1": 630.3180541992188, "y1": 940.7172241210938, "x2": 1072.1414794921875, "y2": 1286.0, "username": "test2", "duration": 145}}, {"model": "backend.rectangle", "pk": 148, "fields": {"time": "2019-09-03 21:26:50", "name": "codeminder5.svg", "x1": -1637.91650390625, "y1": 959.3858032226562, "x2": -1320.55029296875, "y2": 1286.0, "username": "test2", "duration": 145}}, {"model": "backend.rectangle", "pk": 149, "fields": {"time": "2019-09-03 21:26:52", "name": "codeminder5.svg", "x1": -156.87445068359375, "y1": -98.50132751464844, "x2": -29.30570411682129, "y2": 4.175957202911377, "username": "test2", "duration": 145}}, {"model": "backend.rectangle", "pk": 150, "fields": {"time": "2019-09-03 21:26:54", "name": "codeminder5.svg", "x1": 393.8491516113281, "y1": -723.8992919921875, "x2": 580.5350952148438, "y2": -462.5389709472656, "username": "test2", "duration": 145}}, {"model": "backend.rectangle", "pk": 151, "fields": {"time": "2019-09-03 21:26:53", "name": "codeminder5.svg", "x1": -275.10888671875, "y1": -86.05559539794922, "x2": -206.65737915039062, "y2": 47.73601531982422, "username": "test2", "duration": 145}}, {"model": "backend.rectangle", "pk": 152, "fields": {"time": "2019-09-03 21:27:07", "name": "simulation8.svg", "x1": 419.5493469238281, "y1": 75.18941497802734, "x2": 460.5510559082031, "y2": 123.02473449707031, "username": "test2", "duration": 146}}, {"model": "backend.rectangle", "pk": 153, "fields": {"time": "2019-09-03 21:27:03", "name": "simulation8.svg", "x1": 222.7411651611328, "y1": -460.566162109375, "x2": 486.518798828125, "y2": -340.29449462890625, "username": "test2", "duration": 146}}, {"model": "backend.rectangle", "pk": 154, "fields": {"time": "2019-09-03 21:27:04", "name": "simulation8.svg", "x1": 394.9483337402344, "y1": -319.79364013671875, "x2": 431.849853515625, "y2": -198.15525817871094, "username": "test2", "duration": 146}}, {"model": "backend.rectangle", "pk": 155, "fields": {"time": "2019-09-03 21:27:12", "name": "simulation26.svg", "x1": -3866.0, "y1": -1630.8636474609375, "x2": -3282.232666015625, "y2": -1207.0126953125, "username": "test2", "duration": 147}}, {"model": "backend.rectangle", "pk": 156, "fields": {"time": "2019-09-03 21:27:19", "name": "lesmiserable.svg", "x1": -432.7278747558594, "y1": 191.97976684570312, "x2": -324.9685974121094, "y2": 277.63458251953125, "username": "test2", "duration": 148}}, {"model": "backend.rectangle", "pk": 157, "fields": {"time": "2019-09-03 21:27:35", "name": "lesmiserable.svg", "x1": -501.8043518066406, "y1": 1034.712646484375, "x2": -360.88836669921875, "y2": 1112.0, "username": "test2", "duration": 148}}, {"model": "backend.rectangle", "pk": 158, "fields": {"time": "2019-09-03 21:27:36", "name": "lesmiserable.svg", "x1": -385.7558898925781, "y1": 553.9404296875, "x2": -255.8921356201172, "y2": 786.037353515625, "username": "test2", "duration": 148}}, {"model": "backend.rectangle", "pk": 159, "fields": {"time": "2019-09-03 21:27:31", "name": "lesmiserable.svg", "x1": -551.5393676757812, "y1": 258.2931823730469, "x2": -399.5711669921875, "y2": 374.3416442871094, "username": "test2", "duration": 148}}, {"model": "backend.rectangle", "pk": 160, "fields": {"time": "2019-09-03 21:27:33", "name": "lesmiserable.svg", "x1": -512.8565673828125, "y1": 446.18115234375, "x2": -396.80810546875, "y2": 515.2576293945312, "username": "test2", "duration": 148}}, {"model": "backend.rectangle", "pk": 161, "fields": {"time": "2019-09-03 21:27:28", "name": "lesmiserable.svg", "x1": -222.7354278564453, "y1": -504.31097412109375, "x2": 72.91183471679688, "y2": -241.82041931152344, "username": "test2", "duration": 148}}, {"model": "backend.rectangle", "pk": 162, "fields": {"time": "2019-09-03 21:27:32", "name": "lesmiserable.svg", "x1": -626.1419677734375, "y1": 512.4945678710938, "x2": -534.9610595703125, "y2": 645.1213989257812, "username": "test2", "duration": 148}}, {"model": "backend.rectangle", "pk": 163, "fields": {"time": "2019-09-03 21:27:23", "name": "lesmiserable.svg", "x1": -2013.0, "y1": -703.251220703125, "x2": -1593.2125244140625, "y2": -172.74395751953125, "username": "test2", "duration": 148}}, {"model": "backend.rectangle", "pk": 164, "fields": {"time": "2019-09-03 21:27:41", "name": "simulation23.svg", "x1": 1657.92333984375, "y1": 788.4229125976562, "x2": 2429.0, "y2": 1215.70166015625, "username": "test2", "duration": 149}}, {"model": "backend.rectangle", "pk": 165, "fields": {"time": "2019-09-03 21:27:45", "name": "simulation23.svg", "x1": 420.7697448730469, "y1": 403.0342102050781, "x2": 621.8421020507812, "y2": 565.0091552734375, "username": "test2", "duration": 149}}, {"model": "backend.rectangle", "pk": 166, "fields": {"time": "2019-09-03 21:27:51", "name": "cond_mat6.svg", "x1": -351.1744689941406, "y1": -78.77091217041016, "x2": 22.682479858398438, "y2": 366.296875, "username": "test2", "duration": 150}}, {"model": "backend.rectangle", "pk": 167, "fields": {"time": "2019-09-03 21:27:51", "name": "cond_mat6.svg", "x1": -7378.0, "y1": -1609.8040771484375, "x2": -4445.7978515625, "y2": -417.0224304199219, "username": "test2", "duration": 150}}, {"model": "backend.rectangle", "pk": 168, "fields": {"time": "2019-09-03 21:27:56", "name": "cond_mat6.svg", "x1": -1045.480224609375, "y1": 4674.55322265625, "x2": -493.5961608886719, "y2": 5048.41015625, "username": "test2", "duration": 150}}, {"model": "backend.rectangle", "pk": 169, "fields": {"time": "2019-09-03 21:27:54", "name": "cond_mat6.svg", "x1": 3796.857177734375, "y1": 5155.22607421875, "x2": 4419.9521484375, "y2": 5689.3076171875, "username": "test2", "duration": 150}}, {"model": "backend.rectangle", "pk": 170, "fields": {"time": "2019-09-03 21:28:04", "name": "simulation25.svg", "x1": -2082.615234375, "y1": -527.04541015625, "x2": -1969.5198974609375, "y2": -418.66241455078125, "username": "test2", "duration": 151}}, {"model": "backend.rectangle", "pk": 171, "fields": {"time": "2019-09-03 21:28:05", "name": "simulation25.svg", "x1": -46.900394439697266, "y1": -352.690185546875, "x2": 122.74250030517578, "y2": -173.6226806640625, "username": "test2", "duration": 151}}, {"model": "backend.rectangle", "pk": 172, "fields": {"time": "2019-09-03 21:28:06", "name": "simulation25.svg", "x1": 386.6314392089844, "y1": -201.89649963378906, "x2": 756.0, "y2": 38.430931091308594, "username": "test2", "duration": 151}}, {"model": "backend.rectangle", "pk": 173, "fields": {"time": "2019-09-03 21:28:11", "name": "simulation9.svg", "x1": -389.842529296875, "y1": 600.8929443359375, "x2": -242.5581817626953, "y2": 820.5274658203125, "username": "test2", "duration": 152}}, {"model": "backend.rectangle", "pk": 174, "fields": {"time": "2019-09-03 21:28:18", "name": "simulation13.svg", "x1": -1353.6998291015625, "y1": -441.0, "x2": -910.3106689453125, "y2": 94.19670867919922, "username": "test2", "duration": 153}}, {"model": "backend.rectangle", "pk": 175, "fields": {"time": "2019-09-03 21:28:20", "name": "simulation13.svg", "x1": 679.7745971679688, "y1": 228.7423858642578, "x2": 838.7831420898438, "y2": 546.7594604492188, "username": "test2", "duration": 153}}, {"model": "backend.rectangle", "pk": 176, "fields": {"time": "2019-09-03 21:28:25", "name": "spdata.svg", "x1": -803.8167114257812, "y1": 278.088623046875, "x2": -652.8096923828125, "y2": 429.0956726074219, "username": "test2", "duration": 154}}, {"model": "backend.rectangle", "pk": 177, "fields": {"time": "2019-09-03 21:28:27", "name": "spdata.svg", "x1": 473.4512634277344, "y1": 366.1760559082031, "x2": 609.7770385742188, "y2": 471.0420837402344, "username": "test2", "duration": 154}}, {"model": "backend.rectangle", "pk": 178, "fields": {"time": "2019-09-03 21:28:38", "name": "polbook.svg", "x1": -310.28790283203125, "y1": 114.10323333740234, "x2": -234.87567138671875, "y2": 170.4237823486328, "username": "test2", "duration": 155}}, {"model": "backend.rectangle", "pk": 179, "fields": {"time": "2019-09-03 21:28:39", "name": "polbook.svg", "x1": -49.686092376708984, "y1": -7.129116058349609, "x2": 10.452791213989258, "y2": 40.600154876708984, "username": "test2", "duration": 155}}, {"model": "backend.rectangle", "pk": 180, "fields": {"time": "2019-09-03 21:28:40", "name": "polbook.svg", "x1": -231.0573272705078, "y1": -178.95449829101562, "x2": -185.2372283935547, "y2": -127.4068832397461, "username": "test2", "duration": 155}}, {"model": "backend.rectangle", "pk": 181, "fields": {"time": "2019-09-03 21:28:46", "name": "cond_mat3.svg", "x1": 10783.4501953125, "y1": 2081.33203125, "x2": 16653.0, "y2": 4995.39453125, "username": "test2", "duration": 156}}, {"model": "backend.rectangle", "pk": 182, "fields": {"time": "2019-09-03 21:28:53", "name": "cond_mat3.svg", "x1": -6892.64111328125, "y1": 9059.7451171875, "x2": -5780.6962890625, "y2": 10018.318359375, "username": "test2", "duration": 156}}, {"model": "backend.rectangle", "pk": 183, "fields": {"time": "2019-09-03 21:28:50", "name": "cond_mat3.svg", "x1": -5934.06787109375, "y1": 6797.51220703125, "x2": -4131.9501953125, "y2": 8407.9150390625, "username": "test2", "duration": 156}}, {"model": "backend.rectangle", "pk": 184, "fields": {"time": "2019-09-03 21:29:00", "name": "cond_2003_2.svg", "x1": 113.32718658447266, "y1": 1504.578125, "x2": 965.5281982421875, "y2": 2153.268310546875, "username": "test2", "duration": 157}}, {"model": "backend.rectangle", "pk": 185, "fields": {"time": "2019-09-03 21:29:06", "name": "cond_2003_2.svg", "x1": -738.8738403320312, "y1": -352.4569396972656, "x2": -687.9961547851562, "y2": -174.3850860595703, "username": "test2", "duration": 157}}, {"model": "backend.rectangle", "pk": 186, "fields": {"time": "2019-09-03 21:29:12", "name": "codeminder1.svg", "x1": 679.3778076171875, "y1": 16.422924041748047, "x2": 856.710693359375, "y2": 398.796875, "username": "test2", "duration": 158}}, {"model": "backend.rectangle", "pk": 187, "fields": {"time": "2019-09-03 21:29:13", "name": "codeminder1.svg", "x1": 75.33782196044922, "y1": -244.03469848632812, "x2": 263.75396728515625, "y2": -83.3268051147461, "username": "test2", "duration": 158}}, {"model": "backend.rectangle", "pk": 188, "fields": {"time": "2019-09-03 21:29:14", "name": "codeminder1.svg", "x1": -229.4530029296875, "y1": 1645.66845703125, "x2": -90.9117202758789, "y2": 1806.3763427734375, "username": "test2", "duration": 158}}, {"model": "backend.rectangle", "pk": 189, "fields": {"time": "2019-09-03 21:29:12", "name": "codeminder1.svg", "x1": 380.128662109375, "y1": -144.28497314453125, "x2": 546.378173828125, "y2": -22.368637084960938, "username": "test2", "duration": 158}}, {"model": "backend.rectangle", "pk": 190, "fields": {"time": "2019-09-03 21:29:18", "name": "codeminder1.svg", "x1": -295.95281982421875, "y1": 1291.0028076171875, "x2": -223.91134643554688, "y2": 1484.9605712890625, "username": "test2", "duration": 158}}, {"model": "backend.rectangle", "pk": 191, "fields": {"time": "2019-09-03 21:29:23", "name": "cond_mat.svg", "x1": 2608.95458984375, "y1": -3792.351806640625, "x2": 3276.89697265625, "y2": -2957.424072265625, "username": "test2", "duration": 159}}, {"model": "backend.rectangle", "pk": 192, "fields": {"time": "2019-09-03 21:29:24", "name": "cond_mat.svg", "x1": -2122.302734375, "y1": -3110.494140625, "x2": -1760.5008544921875, "y2": -2498.2138671875, "username": "test2", "duration": 159}}, {"model": "backend.rectangle", "pk": 193, "fields": {"time": "2019-09-03 21:29:35", "name": "cond_2003_6.svg", "x1": -2418.3857421875, "y1": -2979.9931640625, "x2": -2252.2265625, "y2": -2777.712158203125, "username": "test2", "duration": 160}}, {"model": "backend.rectangle", "pk": 194, "fields": {"time": "2019-09-03 21:29:33", "name": "cond_2003_6.svg", "x1": 95.67707061767578, "y1": -2062.504638671875, "x2": 362.97686767578125, "y2": -1556.80224609375, "username": "test2", "duration": 160}}, {"model": "backend.rectangle", "pk": 195, "fields": {"time": "2019-09-03 21:29:48", "name": "simulation14.svg", "x1": -1491.9542236328125, "y1": -750.0599365234375, "x2": -1407.3138427734375, "y2": -610.6522216796875, "username": "test2", "duration": 161}}, {"model": "backend.rectangle", "pk": 196, "fields": {"time": "2019-09-03 21:29:52", "name": "simulation16.svg", "x1": 185.3420867919922, "y1": 4.771164417266846, "x2": 210.04644775390625, "y2": 71.65372467041016, "username": "test2", "duration": 162}}, {"model": "backend.rectangle", "pk": 197, "fields": {"time": "2019-09-03 21:29:57", "name": "pkrgraph.svg", "x1": -250.25396728515625, "y1": -1109.0, "x2": -126.46257019042969, "y2": -802.869384765625, "username": "test2", "duration": 163}}, {"model": "backend.rectangle", "pk": 198, "fields": {"time": "2019-09-03 21:30:00", "name": "pkrgraph.svg", "x1": -1128.0, "y1": 228.72552490234375, "x2": -728.2262573242188, "y2": 576.0291137695312, "username": "test2", "duration": 163}}, {"model": "backend.rectangle", "pk": 199, "fields": {"time": "2019-09-03 21:30:11", "name": "simulation5.svg", "x1": -74.02849578857422, "y1": -669.8054809570312, "x2": -36.728023529052734, "y2": -589.8758544921875, "username": "test2", "duration": 164}}, {"model": "backend.rectangle", "pk": 200, "fields": {"time": "2019-09-03 21:30:12", "name": "simulation5.svg", "x1": 333.6123962402344, "y1": -331.4368896484375, "x2": 501.4645080566406, "y2": -200.88523864746094, "username": "test2", "duration": 164}}, {"model": "backend.rectangle", "pk": 201, "fields": {"time": "2019-09-03 21:30:08", "name": "simulation5.svg", "x1": 139.1170654296875, "y1": 766.2627563476562, "x2": 320.2908020019531, "y2": 819.5491333007812, "username": "test2", "duration": 164}}, {"model": "backend.rectangle", "pk": 202, "fields": {"time": "2019-09-03 21:30:19", "name": "simulation11.svg", "x1": -2432.985107421875, "y1": 1445.034423828125, "x2": -2335.56298828125, "y2": 1676.41162109375, "username": "test2", "duration": 165}}, {"model": "backend.rectangle", "pk": 203, "fields": {"time": "2019-09-03 21:30:17", "name": "simulation11.svg", "x1": -3239.0, "y1": 280.0295104980469, "x2": -2753.665771484375, "y2": 576.3547973632812, "username": "test2", "duration": 165}}, {"model": "backend.rectangle", "pk": 204, "fields": {"time": "2019-09-03 21:30:19", "name": "simulation11.svg", "x1": -2002.70458984375, "y1": 1838.7816162109375, "x2": -1864.6900634765625, "y2": 2066.099609375, "username": "test2", "duration": 165}}, {"model": "backend.rectangle", "pk": 205, "fields": {"time": "2019-09-03 21:30:26", "name": "cond_2003_3.svg", "x1": -2661.244873046875, "y1": 2261.405029296875, "x2": -2268.13671875, "y2": 2479.0185546875, "username": "test2", "duration": 166}}, {"model": "backend.rectangle", "pk": 206, "fields": {"time": "2019-09-03 21:30:32", "name": "cond_2003_4.svg", "x1": 1362.3680419921875, "y1": -845.9248657226562, "x2": 1535.158203125, "y2": -577.1402587890625, "username": "test2", "duration": 167}}, {"model": "backend.rectangle", "pk": 207, "fields": {"time": "2019-09-03 21:30:36", "name": "celegans.svg", "x1": 32.107444763183594, "y1": -129.2312774658203, "x2": 198.2587890625, "y2": 190.6100311279297, "username": "test2", "duration": 168}}, {"model": "backend.rectangle", "pk": 208, "fields": {"time": "2019-09-03 21:30:40", "name": "simulation17.svg", "x1": -3829.0, "y1": -1463.29150390625, "x2": -1651.6494140625, "y2": -583.935791015625, "username": "test2", "duration": 169}}, {"model": "backend.rectangle", "pk": 209, "fields": {"time": "2019-09-03 21:30:45", "name": "simulation4.svg", "x1": 63.29747772216797, "y1": -344.82421875, "x2": 169.42001342773438, "y2": -230.26011657714844, "username": "test2", "duration": 170}}, {"model": "backend.rectangle", "pk": 210, "fields": {"time": "2019-09-03 21:30:46", "name": "simulation4.svg", "x1": 200.77438354492188, "y1": -229.05418395996094, "x2": 331.01568603515625, "y2": -60.22288513183594, "username": "test2", "duration": 170}}, {"model": "backend.rectangle", "pk": 211, "fields": {"time": "2019-09-03 21:30:47", "name": "simulation4.svg", "x1": 265.89501953125, "y1": -7.161620616912842, "x2": 359.95819091796875, "y2": 74.84215545654297, "username": "test2", "duration": 170}}, {"model": "backend.rectangle", "pk": 212, "fields": {"time": "2019-09-03 21:30:51", "name": "us-air2.svg", "x1": 142.5056915283203, "y1": 59.44237518310547, "x2": 614.800048828125, "y2": 531.7367553710938, "username": "test2", "duration": 171}}, {"model": "backend.rectangle", "pk": 213, "fields": {"time": "2019-09-03 21:31:00", "name": "simulation2.svg", "x1": -164.08462524414062, "y1": 759.5615234375, "x2": -66.6704330444336, "y2": 1013.9208374023438, "username": "test2", "duration": 172}}, {"model": "backend.rectangle", "pk": 214, "fields": {"time": "2019-09-03 21:30:57", "name": "simulation2.svg", "x1": 712.6431274414062, "y1": -1692.029052734375, "x2": 810.0573120117188, "y2": -1535.083984375, "username": "test2", "duration": 172}}, {"model": "backend.rectangle", "pk": 215, "fields": {"time": "2019-09-03 21:30:58", "name": "simulation2.svg", "x1": 864.1763305664062, "y1": -663.76806640625, "x2": 1004.8857421875, "y2": -403.99688720703125, "username": "test2", "duration": 172}}, {"model": "backend.rectangle", "pk": 216, "fields": {"time": "2019-09-03 21:30:58", "name": "simulation2.svg", "x1": 1145.5950927734375, "y1": 104.72167205810547, "x2": 1324.187744140625, "y2": 245.43106079101562, "username": "test2", "duration": 172}}, {"model": "backend.rectangle", "pk": 217, "fields": {"time": "2019-09-03 21:31:04", "name": "simulation20.svg", "x1": -640.64208984375, "y1": -1259.0921630859375, "x2": -277.56414794921875, "y2": -1009.10400390625, "username": "test2", "duration": 173}}, {"model": "backend.rectangle", "pk": 218, "fields": {"time": "2019-09-03 21:31:08", "name": "simulation20.svg", "x1": -39.4802360534668, "y1": -1199.5711669921875, "x2": 145.0347900390625, "y2": -1009.10400390625, "username": "test2", "duration": 173}}, {"model": "backend.rectangle", "pk": 219, "fields": {"time": "2019-09-03 21:31:12", "name": "simulation20.svg", "x1": -1378.7022705078125, "y1": -1717.4036865234375, "x2": -1063.2410888671875, "y2": -1491.2239990234375, "username": "test2", "duration": 173}}, {"model": "backend.rectangle", "pk": 220, "fields": {"time": "2019-09-03 21:31:16", "name": "simulation7.svg", "x1": 1511.02587890625, "y1": 490.1362609863281, "x2": 1570.74560546875, "y2": 595.7941284179688, "username": "test2", "duration": 174}}, {"model": "backend.rectangle", "pk": 221, "fields": {"time": "2019-09-03 21:31:19", "name": "simulation7.svg", "x1": 2852.42138671875, "y1": 880.6109619140625, "x2": 3641.0, "y2": 1119.4896240234375, "username": "test2", "duration": 174}}, {"model": "backend.rectangle", "pk": 222, "fields": {"time": "2019-09-03 21:31:24", "name": "simulation22.svg", "x1": 446.5660400390625, "y1": -263.8848876953125, "x2": 581.0, "y2": -155.71559143066406, "username": "test2", "duration": 175}}, {"model": "backend.rectangle", "pk": 223, "fields": {"time": "2019-09-03 21:31:27", "name": "simulation22.svg", "x1": -565.0, "y1": 174.41146850585938, "x2": -386.47802734375, "y2": 317.7006530761719, "username": "test2", "duration": 175}}, {"model": "backend.rectangle", "pk": 224, "fields": {"time": "2019-09-03 21:31:33", "name": "cond_mat5.svg", "x1": 1968.57373046875, "y1": 3756.6083984375, "x2": 3855.915771484375, "y2": 6018.0, "username": "test2", "duration": 176}}, {"model": "backend.rectangle", "pk": 225, "fields": {"time": "2019-09-03 21:31:45", "name": "simulation29.svg", "x1": 511.6964416503906, "y1": 175.966796875, "x2": 614.6702270507812, "y2": 300.3934326171875, "username": "test2", "duration": 177}}, {"model": "backend.rectangle", "pk": 226, "fields": {"time": "2019-09-03 21:31:49", "name": "simulation6.svg", "x1": -2170.0, "y1": -3285.0, "x2": -799.693359375, "y2": -2353.442626953125, "username": "test2", "duration": 178}}, {"model": "backend.rectangle", "pk": 227, "fields": {"time": "2019-09-03 21:31:51", "name": "simulation6.svg", "x1": 1875.393310546875, "y1": 237.6100311279297, "x2": 2260.5498046875, "y2": 783.8319091796875, "username": "test2", "duration": 178}}, {"model": "backend.rectangle", "pk": 228, "fields": {"time": "2019-09-03 21:32:01", "name": "cond_2005_2.svg", "x1": -1144.0, "y1": -124.70769500732422, "x2": -960.8697509765625, "y2": 96.90446472167969, "username": "test2", "duration": 179}}, {"model": "backend.rectangle", "pk": 229, "fields": {"time": "2019-09-03 21:32:02", "name": "cond_2005_2.svg", "x1": -1108.6112060546875, "y1": 412.7654724121094, "x2": -943.0388793945312, "y2": 522.2979125976562, "username": "test2", "duration": 179}}, {"model": "backend.rectangle", "pk": 230, "fields": {"time": "2019-09-03 21:31:55", "name": "cond_2005_2.svg", "x1": -296.03326416015625, "y1": -305.5635986328125, "x2": -252.72972106933594, "y2": -231.69288635253906, "username": "test2", "duration": 179}}, {"model": "backend.rectangle", "pk": 231, "fields": {"time": "2019-09-03 21:32:05", "name": "cond_2005_2.svg", "x1": -224.7097930908203, "y1": -1074.8380126953125, "x2": -145.74453735351562, "y2": -909.2656860351562, "username": "test2", "duration": 179}}, {"model": "backend.rectangle", "pk": 232, "fields": {"time": "2019-09-03 21:32:04", "name": "cond_2005_2.svg", "x1": -341.884033203125, "y1": -911.81298828125, "x2": -206.87893676757812, "y2": -766.6187744140625, "username": "test2", "duration": 179}}, {"model": "backend.rectangle", "pk": 233, "fields": {"time": "2019-09-03 21:32:03", "name": "cond_2005_2.svg", "x1": -76.96835327148438, "y1": -871.0567016601562, "x2": 12.185967445373535, "y2": -753.8824462890625, "username": "test2", "duration": 179}}, {"model": "backend.rectangle", "pk": 234, "fields": {"time": "2019-09-03 21:32:10", "name": "simulation27.svg", "x1": -950.5552978515625, "y1": -1241.0, "x2": -695.5200805664062, "y2": -749.5855712890625, "username": "test2", "duration": 180}}, {"model": "backend.rectangle", "pk": 235, "fields": {"time": "2019-09-03 21:32:25", "name": "simulation27.svg", "x1": -4412.0, "y1": -154.50347900390625, "x2": -3226.98046875, "y2": 695.61376953125, "username": "test2", "duration": 180}}, {"model": "backend.rectangle", "pk": 236, "fields": {"time": "2019-09-03 21:32:32", "name": "simulation27.svg", "x1": 815.7994995117188, "y1": 3519.892333984375, "x2": 2016.0, "y2": 4653.3818359375, "username": "test2", "duration": 180}}, {"model": "backend.rectangle", "pk": 237, "fields": {"time": "2019-09-03 21:32:30", "name": "simulation27.svg", "x1": -3519.798583984375, "y1": 4568.3701171875, "x2": -2405.200439453125, "y2": 5456.0, "username": "test2", "duration": 180}}, {"model": "auth.permission", "pk": 1, "fields": {"name": "Can add log entry", "content_type": 1, "codename": "add_logentry"}}, {"model": "auth.permission", "pk": 2, "fields": {"name": "Can change log entry", "content_type": 1, "codename": "change_logentry"}}, {"model": "auth.permission", "pk": 3, "fields": {"name": "Can delete log entry", "content_type": 1, "codename": "delete_logentry"}}, {"model": "auth.permission", "pk": 4, "fields": {"name": "Can view log entry", "content_type": 1, "codename": "view_logentry"}}, {"model": "auth.permission", "pk": 5, "fields": {"name": "Can add permission", "content_type": 2, "codename": "add_permission"}}, {"model": "auth.permission", "pk": 6, "fields": {"name": "Can change permission", "content_type": 2, "codename": "change_permission"}}, {"model": "auth.permission", "pk": 7, "fields": {"name": "Can delete permission", "content_type": 2, "codename": "delete_permission"}}, {"model": "auth.permission", "pk": 8, "fields": {"name": "Can view permission", "content_type": 2, "codename": "view_permission"}}, {"model": "auth.permission", "pk": 9, "fields": {"name": "Can add group", "content_type": 3, "codename": "add_group"}}, {"model": "auth.permission", "pk": 10, "fields": {"name": "Can change group", "content_type": 3, "codename": "change_group"}}, {"model": "auth.permission", "pk": 11, "fields": {"name": "Can delete group", "content_type": 3, "codename": "delete_group"}}, {"model": "auth.permission", "pk": 12, "fields": {"name": "Can view group", "content_type": 3, "codename": "view_group"}}, {"model": "auth.permission", "pk": 13, "fields": {"name": "Can add user", "content_type": 4, "codename": "add_user"}}, {"model": "auth.permission", "pk": 14, "fields": {"name": "Can change user", "content_type": 4, "codename": "change_user"}}, {"model": "auth.permission", "pk": 15, "fields": {"name": "Can delete user", "content_type": 4, "codename": "delete_user"}}, {"model": "auth.permission", "pk": 16, "fields": {"name": "Can view user", "content_type": 4, "codename": "view_user"}}, {"model": "auth.permission", "pk": 17, "fields": {"name": "Can add content type", "content_type": 5, "codename": "add_contenttype"}}, {"model": "auth.permission", "pk": 18, "fields": {"name": "Can change content type", "content_type": 5, "codename": "change_contenttype"}}, {"model": "auth.permission", "pk": 19, "fields": {"name": "Can delete content type", "content_type": 5, "codename": "delete_contenttype"}}, {"model": "auth.permission", "pk": 20, "fields": {"name": "Can view content type", "content_type": 5, "codename": "view_contenttype"}}, {"model": "auth.permission", "pk": 21, "fields": {"name": "Can add session", "content_type": 6, "codename": "add_session"}}, {"model": "auth.permission", "pk": 22, "fields": {"name": "Can change session", "content_type": 6, "codename": "change_session"}}, {"model": "auth.permission", "pk": 23, "fields": {"name": "Can delete session", "content_type": 6, "codename": "delete_session"}}, {"model": "auth.permission", "pk": 24, "fields": {"name": "Can view session", "content_type": 6, "codename": "view_session"}}, {"model": "auth.permission", "pk": 25, "fields": {"name": "Can add username", "content_type": 7, "codename": "add_username"}}, {"model": "auth.permission", "pk": 26, "fields": {"name": "Can change username", "content_type": 7, "codename": "change_username"}}, {"model": "auth.permission", "pk": 27, "fields": {"name": "Can delete username", "content_type": 7, "codename": "delete_username"}}, {"model": "auth.permission", "pk": 28, "fields": {"name": "Can view username", "content_type": 7, "codename": "view_username"}}, {"model": "auth.permission", "pk": 29, "fields": {"name": "Can add duration", "content_type": 8, "codename": "add_duration"}}, {"model": "auth.permission", "pk": 30, "fields": {"name": "Can change duration", "content_type": 8, "codename": "change_duration"}}, {"model": "auth.permission", "pk": 31, "fields": {"name": "Can delete duration", "content_type": 8, "codename": "delete_duration"}}, {"model": "auth.permission", "pk": 32, "fields": {"name": "Can view duration", "content_type": 8, "codename": "view_duration"}}, {"model": "auth.permission", "pk": 33, "fields": {"name": "Can add rectangle", "content_type": 9, "codename": "add_rectangle"}}, {"model": "auth.permission", "pk": 34, "fields": {"name": "Can change rectangle", "content_type": 9, "codename": "change_rectangle"}}, {"model": "auth.permission", "pk": 35, "fields": {"name": "Can delete rectangle", "content_type": 9, "codename": "delete_rectangle"}}, {"model": "auth.permission", "pk": 36, "fields": {"name": "Can view rectangle", "content_type": 9, "codename": "view_rectangle"}}, {"model": "auth.user", "pk": 1, "fields": {"password": "pbkdf2_sha256$150000$nfXMGKXBzKVb$itXT5TA5kdSe/wr54QpCR48sdYORosXYhnyrM3/MbpE=", "last_login": "2019-09-05T02:37:39.038", "is_superuser": true, "username": "admin", "first_name": "", "last_name": "", "email": "", "is_staff": true, "is_active": true, "date_joined": "2019-09-03T12:10:41.701", "groups": [], "user_permissions": []}}, {"model": "admin.logentry", "pk": 1, "fields": {"action_time": "2019-09-03T12:26:37.419", "user": 1, "content_type": 7, "object_id": "\u89c4\u8303\u7684\u5de5\u5730\u4e0ag", "object_repr": "Username object (\u89c4\u8303\u7684\u5de5\u5730\u4e0ag)", "action_flag": 3, "change_message": ""}}, {"model": "admin.logentry", "pk": 2, "fields": {"action_time": "2019-09-03T12:26:37.509", "user": 1, "content_type": 7, "object_id": "\u89c4\u8303\u7684\u5de5\u5730\u4e0a", "object_repr": "Username object (\u89c4\u8303\u7684\u5de5\u5730\u4e0a)", "action_flag": 3, "change_message": ""}}, {"model": "admin.logentry", "pk": 3, "fields": {"action_time": "2019-09-03T12:26:37.634", "user": 1, "content_type": 7, "object_id": "\u82e5\u4ecd\u7136\u62d6\u62d6\u62d6\u62d6\u62d6", "object_repr": "Username object (\u82e5\u4ecd\u7136\u62d6\u62d6\u62d6\u62d6\u62d6)", "action_flag": 3, "change_message": ""}}, {"model": "admin.logentry", "pk": 4, "fields": {"action_time": "2019-09-03T12:26:37.756", "user": 1, "content_type": 7, "object_id": "www899999999999999999999999999999999999999", "object_repr": "Username object (www899999999999999999999999999999999999999)", "action_flag": 3, "change_message": ""}}, {"model": "admin.logentry", "pk": 5, "fields": {"action_time": "2019-09-03T12:26:37.890", "user": 1, "content_type": 7, "object_id": "www", "object_repr": "Username object (www)", "action_flag": 3, "change_message": ""}}, {"model": "admin.logentry", "pk": 6, "fields": {"action_time": "2019-09-03T12:26:38.017", "user": 1, "content_type": 7, "object_id": "ww33333", "object_repr": "Username object (ww33333)", "action_flag": 3, "change_message": ""}}, {"model": "admin.logentry", "pk": 7, "fields": {"action_time": "2019-09-03T12:26:38.117", "user": 1, "content_type": 7, "object_id": "ww", "object_repr": "Username object (ww)", "action_flag": 3, "change_message": ""}}, {"model": "admin.logentry", "pk": 8, "fields": {"action_time": "2019-09-03T12:26:38.217", "user": 1, "content_type": 7, "object_id": "wr", "object_repr": "Username object (wr)", "action_flag": 3, "change_message": ""}}, {"model": "admin.logentry", "pk": 9, "fields": {"action_time": "2019-09-03T12:26:38.350", "user": 1, "content_type": 7, "object_id": "wocao", "object_repr": "Username object (wocao)", "action_flag": 3, "change_message": ""}}, {"model": "admin.logentry", "pk": 10, "fields": {"action_time": "2019-09-03T12:26:38.459", "user": 1, "content_type": 7, "object_id": "w", "object_repr": "Username object (w)", "action_flag": 3, "change_message": ""}}, {"model": "admin.logentry", "pk": 11, "fields": {"action_time": "2019-09-03T12:27:18.500", "user": 1, "content_type": 7, "object_id": "ttttt", "object_repr": "Username object (ttttt)", "action_flag": 3, "change_message": ""}}, {"model": "admin.logentry", "pk": 12, "fields": {"action_time": "2019-09-03T12:27:18.596", "user": 1, "content_type": 7, "object_id": "testfas", "object_repr": "Username object (testfas)", "action_flag": 3, "change_message": ""}}, {"model": "admin.logentry", "pk": 13, "fields": {"action_time": "2019-09-03T12:27:18.732", "user": 1, "content_type": 7, "object_id": "testeee", "object_repr": "Username object (testeee)", "action_flag": 3, "change_message": ""}}, {"model": "admin.logentry", "pk": 14, "fields": {"action_time": "2019-09-03T12:27:18.871", "user": 1, "content_type": 7, "object_id": "test9", "object_repr": "Username object (test9)", "action_flag": 3, "change_message": ""}}, {"model": "admin.logentry", "pk": 15, "fields": {"action_time": "2019-09-03T12:27:19.034", "user": 1, "content_type": 7, "object_id": "test7", "object_repr": "Username object (test7)", "action_flag": 3, "change_message": ""}}, {"model": "admin.logentry", "pk": 16, "fields": {"action_time": "2019-09-03T12:27:19.158", "user": 1, "content_type": 7, "object_id": "test6", "object_repr": "Username object (test6)", "action_flag": 3, "change_message": ""}}, {"model": "admin.logentry", "pk": 17, "fields": {"action_time": "2019-09-03T12:27:19.242", "user": 1, "content_type": 7, "object_id": "test5", "object_repr": "Username object (test5)", "action_flag": 3, "change_message": ""}}, {"model": "admin.logentry", "pk": 18, "fields": {"action_time": "2019-09-03T12:27:19.334", "user": 1, "content_type": 7, "object_id": "test4", "object_repr": "Username object (test4)", "action_flag": 3, "change_message": ""}}, {"model": "admin.logentry", "pk": 19, "fields": {"action_time": "2019-09-03T12:27:19.458", "user": 1, "content_type": 7, "object_id": "test3234", "object_repr": "Username object (test3234)", "action_flag": 3, "change_message": ""}}, {"model": "admin.logentry", "pk": 20, "fields": {"action_time": "2019-09-03T12:27:19.542", "user": 1, "content_type": 7, "object_id": "test323", "object_repr": "Username object (test323)", "action_flag": 3, "change_message": ""}}, {"model": "admin.logentry", "pk": 21, "fields": {"action_time": "2019-09-03T12:27:19.679", "user": 1, "content_type": 7, "object_id": "test3", "object_repr": "Username object (test3)", "action_flag": 3, "change_message": ""}}, {"model": "admin.logentry", "pk": 22, "fields": {"action_time": "2019-09-03T12:27:19.788", "user": 1, "content_type": 7, "object_id": "test2323", "object_repr": "Username object (test2323)", "action_flag": 3, "change_message": ""}}, {"model": "admin.logentry", "pk": 23, "fields": {"action_time": "2019-09-03T12:27:19.933", "user": 1, "content_type": 7, "object_id": "test2121", "object_repr": "Username object (test2121)", "action_flag": 3, "change_message": ""}}, {"model": "admin.logentry", "pk": 24, "fields": {"action_time": "2019-09-03T12:27:20.047", "user": 1, "content_type": 7, "object_id": "test2", "object_repr": "Username object (test2)", "action_flag": 3, "change_message": ""}}, {"model": "admin.logentry", "pk": 25, "fields": {"action_time": "2019-09-03T12:27:20.179", "user": 1, "content_type": 7, "object_id": "test123456789", "object_repr": "Username object (test123456789)", "action_flag": 3, "change_message": ""}}, {"model": "admin.logentry", "pk": 26, "fields": {"action_time": "2019-09-03T12:27:20.364", "user": 1, "content_type": 7, "object_id": "test12345", "object_repr": "Username object (test12345)", "action_flag": 3, "change_message": ""}}, {"model": "admin.logentry", "pk": 27, "fields": {"action_time": "2019-09-03T12:27:20.599", "user": 1, "content_type": 7, "object_id": "test1234", "object_repr": "Username object (test1234)", "action_flag": 3, "change_message": ""}}, {"model": "admin.logentry", "pk": 28, "fields": {"action_time": "2019-09-03T12:27:20.801", "user": 1, "content_type": 7, "object_id": "test123", "object_repr": "Username object (test123)", "action_flag": 3, "change_message": ""}}, {"model": "admin.logentry", "pk": 29, "fields": {"action_time": "2019-09-03T12:27:21.039", "user": 1, "content_type": 7, "object_id": "test1122", "object_repr": "Username object (test1122)", "action_flag": 3, "change_message": ""}}, {"model": "admin.logentry", "pk": 30, "fields": {"action_time": "2019-09-03T12:27:21.143", "user": 1, "content_type": 7, "object_id": "test11", "object_repr": "Username object (test11)", "action_flag": 3, "change_message": ""}}, {"model": "admin.logentry", "pk": 31, "fields": {"action_time": "2019-09-03T12:27:21.284", "user": 1, "content_type": 7, "object_id": "test10", "object_repr": "Username object (test10)", "action_flag": 3, "change_message": ""}}, {"model": "admin.logentry", "pk": 32, "fields": {"action_time": "2019-09-03T12:27:21.384", "user": 1, "content_type": 7, "object_id": "test", "object_repr": "Username object (test)", "action_flag": 3, "change_message": ""}}, {"model": "admin.logentry", "pk": 33, "fields": {"action_time": "2019-09-03T12:27:21.476", "user": 1, "content_type": 7, "object_id": "qqq", "object_repr": "Username object (qqq)", "action_flag": 3, "change_message": ""}}, {"model": "admin.logentry", "pk": 34, "fields": {"action_time": "2019-09-03T12:27:21.694", "user": 1, "content_type": 7, "object_id": "fsffaac", "object_repr": "Username object (fsffaac)", "action_flag": 3, "change_message": ""}}, {"model": "admin.logentry", "pk": 35, "fields": {"action_time": "2019-09-03T12:27:21.949", "user": 1, "content_type": 7, "object_id": "fsdfff", "object_repr": "Username object (fsdfff)", "action_flag": 3, "change_message": ""}}, {"model": "admin.logentry", "pk": 36, "fields": {"action_time": "2019-09-03T12:27:22.059", "user": 1, "content_type": 7, "object_id": "fgfgfg", "object_repr": "Username object (fgfgfg)", "action_flag": 3, "change_message": ""}}, {"model": "admin.logentry", "pk": 37, "fields": {"action_time": "2019-09-03T12:27:22.175", "user": 1, "content_type": 7, "object_id": "fgd", "object_repr": "Username object (fgd)", "action_flag": 3, "change_message": ""}}, {"model": "admin.logentry", "pk": 38, "fields": {"action_time": "2019-09-03T12:27:22.343", "user": 1, "content_type": 7, "object_id": "fdfsadf", "object_repr": "Username object (fdfsadf)", "action_flag": 3, "change_message": ""}}, {"model": "admin.logentry", "pk": 39, "fields": {"action_time": "2019-09-03T12:27:22.497", "user": 1, "content_type": 7, "object_id": "fda", "object_repr": "Username object (fda)", "action_flag": 3, "change_message": ""}}, {"model": "admin.logentry", "pk": 40, "fields": {"action_time": "2019-09-03T12:27:22.618", "user": 1, "content_type": 7, "object_id": "fadshh", "object_repr": "Username object (fadshh)", "action_flag": 3, "change_message": ""}}, {"model": "admin.logentry", "pk": 41, "fields": {"action_time": "2019-09-03T12:27:22.697", "user": 1, "content_type": 7, "object_id": "eeeeeeOOOOOOOOOOOO", "object_repr": "Username object (eeeeeeOOOOOOOOOOOO)", "action_flag": 3, "change_message": ""}}, {"model": "admin.logentry", "pk": 42, "fields": {"action_time": "2019-09-03T12:27:22.814", "user": 1, "content_type": 7, "object_id": "eeeeee", "object_repr": "Username object (eeeeee)", "action_flag": 3, "change_message": ""}}, {"model": "admin.logentry", "pk": 43, "fields": {"action_time": "2019-09-03T12:27:22.947", "user": 1, "content_type": 7, "object_id": "drfsdf", "object_repr": "Username object (drfsdf)", "action_flag": 3, "change_message": ""}}, {"model": "admin.logentry", "pk": 44, "fields": {"action_time": "2019-09-03T12:27:23.081", "user": 1, "content_type": 7, "object_id": "dfsfsda", "object_repr": "Username object (dfsfsda)", "action_flag": 3, "change_message": ""}}, {"model": "admin.logentry", "pk": 45, "fields": {"action_time": "2019-09-03T12:27:23.201", "user": 1, "content_type": 7, "object_id": "dddd", "object_repr": "Username object (dddd)", "action_flag": 3, "change_message": ""}}, {"model": "admin.logentry", "pk": 46, "fields": {"action_time": "2019-09-03T12:27:23.332", "user": 1, "content_type": 7, "object_id": "ddd", "object_repr": "Username object (ddd)", "action_flag": 3, "change_message": ""}}, {"model": "admin.logentry", "pk": 47, "fields": {"action_time": "2019-09-03T12:27:23.443", "user": 1, "content_type": 7, "object_id": "aaad", "object_repr": "Username object (aaad)", "action_flag": 3, "change_message": ""}}, {"model": "admin.logentry", "pk": 48, "fields": {"action_time": "2019-09-03T12:27:23.560", "user": 1, "content_type": 7, "object_id": "aaa", "object_repr": "Username object (aaa)", "action_flag": 3, "change_message": ""}}, {"model": "admin.logentry", "pk": 49, "fields": {"action_time": "2019-09-03T12:27:23.660", "user": 1, "content_type": 7, "object_id": "5345", "object_repr": "Username object (5345)", "action_flag": 3, "change_message": ""}}, {"model": "admin.logentry", "pk": 50, "fields": {"action_time": "2019-09-03T12:27:23.768", "user": 1, "content_type": 7, "object_id": "43535", "object_repr": "Username object (43535)", "action_flag": 3, "change_message": ""}}, {"model": "admin.logentry", "pk": 51, "fields": {"action_time": "2019-09-03T13:33:33.416", "user": 1, "content_type": 7, "object_id": "tester", "object_repr": "Username object (tester)", "action_flag": 3, "change_message": ""}}, {"model": "admin.logentry", "pk": 52, "fields": {"action_time": "2019-09-03T13:33:56.392", "user": 1, "content_type": 7, "object_id": "tester", "object_repr": "Username object (tester)", "action_flag": 2, "change_message": "[{\"changed\": {\"fields\": [\"username\", \"research\"]}}]"}}, {"model": "admin.logentry", "pk": 53, "fields": {"action_time": "2019-09-03T13:34:30.879", "user": 1, "content_type": 7, "object_id": "tester", "object_repr": "Username object (tester)", "action_flag": 3, "change_message": ""}}, {"model": "admin.logentry", "pk": 54, "fields": {"action_time": "2019-09-03T13:34:45.399", "user": 1, "content_type": 7, "object_id": "tester", "object_repr": "Username object (tester)", "action_flag": 2, "change_message": "[{\"changed\": {\"fields\": [\"username\"]}}]"}}, {"model": "admin.logentry", "pk": 55, "fields": {"action_time": "2019-09-03T13:35:00.787", "user": 1, "content_type": 7, "object_id": "tester", "object_repr": "Username object (tester)", "action_flag": 3, "change_message": ""}}, {"model": "admin.logentry", "pk": 56, "fields": {"action_time": "2019-09-03T13:35:44.071", "user": 1, "content_type": 7, "object_id": "test2", "object_repr": "Username object (test2)", "action_flag": 2, "change_message": "[{\"changed\": {\"fields\": [\"research\"]}}]"}}, {"model": "admin.logentry", "pk": 57, "fields": {"action_time": "2019-09-05T02:44:08.374", "user": 1, "content_type": 7, "object_id": "yang1", "object_repr": "Username object (yang1)", "action_flag": 3, "change_message": ""}}, {"model": "admin.logentry", "pk": 58, "fields": {"action_time": "2019-09-05T02:44:18.575", "user": 1, "content_type": 7, "object_id": "yang2", "object_repr": "Username object (yang2)", "action_flag": 3, "change_message": ""}}]